{"PROFILES": [{"PROFILE_CODE":"UICGTP_RIL_ANS_APP_aPROFILE","PROFILE_DESC":"Main Profile","PROFILE_TYPE":"MAIN","PROFILE_CONTENT":"<div class='Profile' style='position: relative;height:100%;width:100%'><div ng-controller ='concg0010c004' class='Profile-container' style='top: 0%; height: 33.3333%; left: 0%; width: 50%;'><dircg0010c004 context-menu='menu'></dircg0010c004></div><div ng-controller ='concg0010c001' class='Profile-container' style='top: 0%; height: 99.9999%; left: 50%; width: 50%;'><dircg0010c001 ></dircg0010c001></div><div ng-controller ='concg0010c005' class='Profile-container' style='top: 33.3333%; height: 33.3333%; left: 0%; width: 50%;'><dircg0010c005 context-menu='menu'></dircg0010c005></div><div ng-controller ='concg0010c002' class='Profile-container' style='top: 66.6666%; height: 33.3333%; left: 0%; width: 25%;'><dircg0010c002 ></dircg0010c002></div><div ng-controller ='concg0010c003' class='Profile-container' style='top: 66.6666%; height: 33.3333%; left: 25%; width: 25%;'><dircg0010c003 ></dircg0010c003></div><div ng-controller ='dpsinit' style='display:None'></div><div  ng-controller ='dpsraise' style='display:None'></div><div ng-controller ='dsinfo' style='display:None'></div></div>","PROFILE_UICGCS" : ["UICGC_4","UICGC_1","UICGC_5","UICGC_2","UICGC_3"] }]}